<?xml version="1.0" encoding="UTF-8"?>
<l:dependencies xmlns:l='licenses' groupId='org.jenkins-ci.plugins' artifactId='trilead-api' version='1.0.13'><l:dependency name='Trilead API Plugin' groupId='org.jenkins-ci.plugins' artifactId='trilead-api' version='1.0.13' url='https://github.com/jenkinsci/trilead-api-plugin'><l:description>This plugin provides access to Trilead without having to bundle Trilead in Jenkins core</l:description><l:license name='The MIT license' url='https://opensource.org/licenses/MIT'/></l:dependency><l:dependency name='Protocol Buffers [Core]' groupId='com.google.protobuf' artifactId='protobuf-java' version='3.11.1' url='https://developers.google.com/protocol-buffers/protobuf-java/'><l:description>Core Protocol Buffers library. Protocol Buffers are a way of encoding structured data in an
    efficient yet extensible format.</l:description><l:license name='3-Clause BSD License' url='https://opensource.org/licenses/BSD-3-Clause'/></l:dependency><l:dependency name='jbcrypt' groupId='org.connectbot.jbcrypt' artifactId='jbcrypt' version='1.0.0' url='https://github.com/kruton/jbcrypt'><l:description>A Java language version of the BCrypt algorithm</l:description><l:license name='ISC' url='https://www.isc.org/downloads/software-support-policy/isc-license/'/></l:dependency><l:dependency name='Tink Cryptography API' groupId='com.google.crypto.tink' artifactId='tink' version='1.5.0' url='http://github.com/google/tink'><l:description>Tink is a small cryptographic library that provides a safe, simple, agile and fast way to accomplish some common cryptographic tasks.</l:description><l:license name='Apache License, Version 2.0' url='http://www.apache.org/licenses/LICENSE-2.0.txt'/></l:dependency><l:dependency name='Ganymed SSH2 for Java' groupId='org.jenkins-ci' artifactId='trilead-ssh2' version='build-217-jenkins-27' url='http://svn.svnkit.com/repos/3rdparty/com.trilead.ssh2/tags/1.0.0-build217/trilead-ssh2/'><l:description>Ganymed SSH2 for Java is a library which implements the SSH-2 protocol in pure Java</l:description><l:license name='BSD style license' url='http://www.ganymed.ethz.ch/ssh2/LICENSE.txt'/></l:dependency><l:dependency name='PuTTY support for Trilead SSH2 library' groupId='org.kohsuke' artifactId='trilead-putty-extension' version='1.2' url='http://trilead-putty-extension.kohsuke.org/'><l:description>Loads SSH key in the PuTTY format</l:description><l:license name='MIT license' url='http://www.opensource.org/licenses/mit-license.php'/></l:dependency><l:dependency name='EdDSA-Java' groupId='net.i2p.crypto' artifactId='eddsa' version='0.3.0' url='https://github.com/str4d/ed25519-java'><l:description>Implementation of EdDSA in Java</l:description><l:license name='CC0 1.0 Universal' url='https://creativecommons.org/publicdomain/zero/1.0/'/></l:dependency><l:dependency name='JSON in Java' groupId='org.json' artifactId='json' version='20180813' url='https://github.com/douglascrockford/JSON-java'><l:description>JSON is a light-weight, language independent, data interchange format.
		See http://www.JSON.org/

		The files in this package implement JSON encoders/decoders in Java.
		It also includes the capability to convert between JSON and XML, HTTP
		headers, Cookies, and CDL.

		This is a reference implementation. There is a large number of JSON packages
		in Java. Perhaps someday the Java community will standardize on one. Until
		then, choose carefully.

		The license includes this restriction: "The software shall be used for good,
		not evil." If your conscience cannot live with that, then choose a different
		package.</l:description><l:license name='The JSON License' url='http://json.org/license.html'/></l:dependency></l:dependencies>