<?xml version='1.0' encoding='UTF-8'?>
<l:dependencies xmlns:l='licenses' groupId='org.jenkins-ci.plugins' artifactId='junit' version='1.49'><l:dependency name='JUnit Plugin' groupId='org.jenkins-ci.plugins' artifactId='junit' version='1.49' url='https://github.com/jenkinsci/junit-plugin'><l:description>Allows JUnit-format test results to be published.</l:description><l:license name='MIT' url='http://opensource.org/licenses/MIT'/></l:dependency><l:dependency name='JSON in Java' groupId='org.json' artifactId='json' version='20201115' url='https://github.com/douglascrockford/JSON-java'><l:description>JSON is a light-weight, language independent, data interchange format.
        See http://www.JSON.org/

        The files in this package implement JSON encoders/decoders in Java.
        It also includes the capability to convert between JSON and XML, HTTP
        headers, Cookies, and CDL.

        This is a reference implementation. There is a large number of JSON packages
        in Java. Perhaps someday the Java community will standardize on one. Until
        then, choose carefully.

        The license includes this restriction: "The software shall be used for good,
        not evil." If your conscience cannot live with that, then choose a different
        package.</l:description><l:license name='The JSON License' url='http://json.org/license.html'/></l:dependency><l:dependency name='Snakeyaml API Plugin' groupId='io.jenkins.plugins' artifactId='snakeyaml-api' version='1.27.0' url='https://github.com/jenkinsci/snakeyaml-api-plugin'><l:description>This plugin packages stock Snakeyaml library</l:description><l:license name='The MIT License (MIT)' url='http://opensource.org/licenses/MIT'/></l:dependency><l:dependency name='SnakeYAML' groupId='org.yaml' artifactId='snakeyaml' version='1.27' url='http://www.snakeyaml.org'><l:description>YAML 1.1 parser and emitter for Java</l:description><l:license name='Apache License, Version 2.0' url='http://www.apache.org/licenses/LICENSE-2.0.txt'/></l:dependency></l:dependencies>