<?xml version='1.0' encoding='UTF-8'?>
<l:dependencies xmlns:l='licenses' groupId='org.jenkins-ci.plugins' artifactId='ws-cleanup' version='0.39'><l:dependency name='Jenkins Workspace Cleanup Plugin' groupId='org.jenkins-ci.plugins' artifactId='ws-cleanup' version='0.39' url='https://github.com/jenkinsci/ws-cleanup-plugin'><l:description>The Jenkins Plugins Parent POM Project</l:description><l:license name='The MIT License' url='https://opensource.org/licenses/MIT'/></l:dependency><l:dependency name='Pipeline: API' groupId='org.jenkins-ci.plugins.workflow' artifactId='workflow-api' version='2.40' url='https://github.com/jenkinsci/workflow-api-plugin'><l:description>The Jenkins Plugins Parent POM Project</l:description><l:license name='MIT License' url='https://opensource.org/licenses/MIT'/></l:dependency><l:dependency name='Pipeline: Step API' groupId='org.jenkins-ci.plugins.workflow' artifactId='workflow-step-api' version='2.22' url='https://github.com/jenkinsci/workflow-step-api-plugin'><l:description>The Jenkins Plugins Parent POM Project</l:description><l:license name='MIT License' url='https://opensource.org/licenses/MIT'/></l:dependency><l:dependency name='SCM API Plugin' groupId='org.jenkins-ci.plugins' artifactId='scm-api' version='2.6.3' url='https://wiki.jenkins.io/display/JENKINS/SCM+API+Plugin'><l:description>This plugin provides a new enhanced API for interacting with SCM systems.</l:description><l:license name='The MIT license' url='https://opensource.org/licenses/MIT'/></l:dependency></l:dependencies>