<?xml version='1.0' encoding='UTF-8'?>
<l:dependencies xmlns:l='licenses' groupId='io.jenkins.plugins' artifactId='echarts-api' version='5.0.1-1'><l:dependency name='ECharts API Plugin' groupId='io.jenkins.plugins' artifactId='echarts-api' version='5.0.1-1' url='https://github.com/jenkinsci/echarts-api-plugin'><l:description>Provides ECharts for Jenkins plugins.</l:description><l:license name='MIT license' url=''/></l:dependency><l:dependency name='Eclipse Collections Main Library' groupId='org.eclipse.collections' artifactId='eclipse-collections' version='9.2.0' url='https://github.com/eclipse/eclipse-collections/eclipse-collections'><l:description>Eclipse Collections is a collections framework for Java. It has JDK-compatible List, Set and Map
        implementations with a rich API and set of utility classes that work with any JDK compatible Collections,
        Arrays, Maps or Strings. The iteration protocol was inspired by the Smalltalk collection framework.</l:description><l:license name='Eclipse Public License - v 1.0' url='https://www.eclipse.org/legal/epl-v10.html'/><l:license name='Eclipse Distribution License - v 1.0' url='https://www.eclipse.org/licenses/edl-v10.html'/></l:dependency><l:dependency name='ECharts build trend charts API' groupId='edu.hm.hafner' artifactId='echarts-build-trends' version='2.0.0' url='https://www.cs.hm.edu/die_fakultaet/ansprechpartner/professoren/hafner/index.de.html'><l:description>Provides a Java API to render build trend charts with ECharts JS library.</l:description><l:license name='MIT license' url=''/></l:dependency><l:dependency name='Eclipse Collections API' groupId='org.eclipse.collections' artifactId='eclipse-collections-api' version='9.2.0' url='https://github.com/eclipse/eclipse-collections/eclipse-collections-api'><l:description>Eclipse Collections is a collections framework for Java. It has JDK-compatible List, Set and Map
        implementations with a rich API and set of utility classes that work with any JDK compatible Collections,
        Arrays, Maps or Strings. The iteration protocol was inspired by the Smalltalk collection framework.</l:description><l:license name='Eclipse Public License - v 1.0' url='https://www.eclipse.org/legal/epl-v10.html'/><l:license name='Eclipse Distribution License - v 1.0' url='https://www.eclipse.org/licenses/edl-v10.html'/></l:dependency></l:dependencies>