<?xml version='1.0' encoding='UTF-8'?>
<l:dependencies xmlns:l='licenses' groupId='io.jenkins.plugins' artifactId='font-awesome-api' version='5.15.2-2'><l:dependency name='Font Awesome API Plugin' groupId='io.jenkins.plugins' artifactId='font-awesome-api' version='5.15.2-2' url='https://github.com/jenkinsci/font-awesome-api-plugin'><l:description>Provides the free fonts of Font Awesome for Jenkins plugins.</l:description><l:license name='MIT license' url=''/></l:dependency><l:dependency name='j2html' groupId='com.j2html' artifactId='j2html' version='1.4.0' url='http://j2html.com'><l:description>Java to HTML builder with a fluent API</l:description><l:license name='The Apache Software License, Version 2.0' url='http://www.apache.org/licenses/LICENSE-2.0.txt'/></l:dependency></l:dependencies>