<?xml version="1.0" encoding="UTF-8"?>
<l:dependencies xmlns:l='licenses' groupId='org.jenkins-ci.plugins' artifactId='docker-workflow' version='1.26'><l:dependency name='Docker Pipeline' groupId='org.jenkins-ci.plugins' artifactId='docker-workflow' version='1.26' url='https://github.com/jenkinsci/docker-workflow-plugin'><l:description>Build and use Docker containers from pipelines</l:description><l:license name='MIT License' url='https://opensource.org/licenses/MIT'/></l:dependency><l:dependency name='PuTTY support for Trilead SSH2 library' groupId='org.kohsuke' artifactId='trilead-putty-extension' version='1.2' url='http://trilead-putty-extension.kohsuke.org/'><l:description>Loads SSH key in the PuTTY format</l:description><l:license name='MIT license' url='http://www.opensource.org/licenses/mit-license.php'/></l:dependency><l:dependency name='JBoss Marshalling API' groupId='org.jboss.marshalling' artifactId='jboss-marshalling' version='2.0.6.Final' url='http://www.jboss.org/jboss-marshalling-parent/jboss-marshalling'><l:description>JBoss Marshalling API</l:description><l:license name='Apache License 2.0' url='http://repository.jboss.org/licenses/apache-2.0.txt'/></l:dependency><l:dependency name='Trilead API Plugin' groupId='org.jenkins-ci.plugins' artifactId='trilead-api' version='1.0.10' url='https://github.com/jenkinsci/trilead-api-plugin'><l:description>This plugin provides access to Trilead without having to bundle Trilead in Jenkins core</l:description><l:license name='The MIT license' url='https://opensource.org/licenses/MIT'/></l:dependency><l:dependency name='SSH Credentials Plugin' groupId='org.jenkins-ci.plugins' artifactId='ssh-credentials' version='1.18.1' url='https://github.com/jenkinsci/ssh-credentials-plugin/blob/master/doc/README.md'><l:description>Allows storage of SSH credentials in Jenkins</l:description><l:license name='MIT License' url='https://opensource.org/licenses/MIT'/></l:dependency><l:dependency name='JBoss Marshalling River' groupId='org.jboss.marshalling' artifactId='jboss-marshalling-river' version='2.0.6.Final' url='http://www.jboss.org/jboss-marshalling-parent/jboss-marshalling-river'><l:description>JBoss Marshalling River Implementation</l:description><l:license name='Apache License 2.0' url='http://repository.jboss.org/licenses/apache-2.0.txt'/></l:dependency><l:dependency name='Ganymed SSH2 for Java' groupId='org.jenkins-ci' artifactId='trilead-ssh2' version='build-217-jenkins-21' url='http://svn.svnkit.com/repos/3rdparty/com.trilead.ssh2/tags/1.0.0-build217/trilead-ssh2/'><l:description>Ganymed SSH2 for Java is a library which implements the SSH-2 protocol in pure Java</l:description><l:license name='BSD style license' url='http://www.ganymed.ethz.ch/ssh2/LICENSE.txt'/></l:dependency></l:dependencies>