<?xml version="1.0" encoding="UTF-8"?>
<l:dependencies xmlns:l='licenses' groupId='org.jenkins-ci.plugins' artifactId='performance' version='3.19'><l:dependency name='Performance Plugin' groupId='org.jenkins-ci.plugins' artifactId='performance' version='3.19' url='https://wiki.jenkins.io/display/JENKINS/Performance+Plugin'><l:description>This plugin allows tracking performance KPIs, based on results read from popular testing tools  (JMeter, JUnit, Taurus).</l:description></l:dependency><l:dependency name='Apache Commons CSV' groupId='org.apache.commons' artifactId='commons-csv' version='1.4' url='http://commons.apache.org/proper/commons-csv/'><l:description>The Apache Commons CSV library provides a simple interface for reading and writing
CSV files of various types.</l:description><l:license name='Apache License, Version 2.0' url='http://www.apache.org/licenses/LICENSE-2.0.txt'/></l:dependency><l:dependency name='Java Native Access' groupId='net.java.dev.jna' artifactId='jna' version='3.2.2' url=''><l:description/></l:dependency><l:dependency name='UCanAccess' groupId='net.sf.ucanaccess' artifactId='ucanaccess' version='4.0.2' url='http://ucanaccess.sourceforge.net/site.html'><l:description>An open source pure Java JDBC Driver implementation which allows Java developers and JDBC client programs (e.g., Open Office, Libre Office, Squirrel SQL) to read/write Microsoft Access databases.</l:description><l:license name='Apache 2.0' url='https://www.apache.org/licenses/LICENSE-2.0'/></l:dependency><l:dependency name='FindBugs-jsr305' groupId='com.google.code.findbugs' artifactId='jsr305' version='1.3.9' url='http://findbugs.sourceforge.net/'><l:description>JSR305 Annotations for Findbugs</l:description><l:license name='The Apache Software License, Version 2.0' url='http://www.apache.org/licenses/LICENSE-2.0.txt'/></l:dependency><l:dependency name='Hamcrest Core' groupId='org.hamcrest' artifactId='hamcrest-core' version='1.3' url='https://github.com/hamcrest/JavaHamcrest/hamcrest-core'><l:description>This is the core API of hamcrest matcher framework to be used by third-party framework providers. This includes the a foundation set of matcher implementations for common operations.</l:description><l:license name='New BSD License' url='http://www.opensource.org/licenses/bsd-license.php'/></l:dependency><l:dependency name='Guava: Google Core Libraries for Java' groupId='com.google.guava' artifactId='guava' version='11.0.1' url='http://code.google.com/p/guava-libraries/guava'><l:description>Guava is a suite of core and expanded libraries that include
    utility classes, google's collections, io classes, and much
    much more.

    This project is a complete packaging of all the Guava libraries
    into a single jar.  Individual portions of Guava can be used
    by downloading the appropriate module and its dependencies.

    Guava (complete) has only one code dependency - javax.annotation,
    per the JSR-305 spec.</l:description><l:license name='The Apache Software License, Version 2.0' url='http://www.apache.org/licenses/LICENSE-2.0.txt'/></l:dependency><l:dependency name='HyperSQL Database' groupId='org.hsqldb' artifactId='hsqldb' version='2.3.1' url='http://hsqldb.org'><l:description>HSQLDB - Lightweight 100% Java SQL Database Engine</l:description><l:license name='HSQLDB License, a BSD open source license' url='http://hsqldb.org/web/hsqlLicense.html'/></l:dependency><l:dependency name='Jackcess' groupId='com.healthmarketscience.jackcess' artifactId='jackcess' version='2.1.6' url='http://jackcess.sf.net'><l:description>A pure Java library for reading from and writing to MS Access databases.</l:description><l:license name='Apache License, Version 2.0' url='http://www.apache.org/licenses/LICENSE-2.0.txt'/></l:dependency><l:dependency name='Plexus Common Utilities' groupId='org.codehaus.plexus' artifactId='plexus-utils' version='3.1.0' url='http://codehaus-plexus.github.io/plexus-utils/'><l:description>A collection of various utility classes to ease working with strings, files, command lines, XML and
    more.</l:description><l:license name='Apache License, Version 2.0' url='http://www.apache.org/licenses/LICENSE-2.0.txt'/></l:dependency><l:dependency name='Mockito' groupId='org.mockito' artifactId='mockito-core' version='1.10.19' url='http://www.mockito.org'><l:description>Mock objects library for java</l:description><l:license name='The MIT License' url='http://github.com/mockito/mockito/blob/master/LICENSE'/></l:dependency><l:dependency name='Gson' groupId='com.google.code.gson' artifactId='gson' version='2.2.4' url='http://code.google.com/p/google-gson/'><l:description>Google Gson library</l:description><l:license name='The Apache Software License, Version 2.0' url='http://www.apache.org/licenses/LICENSE-2.0.txt'/></l:dependency><l:dependency name='Objenesis' groupId='org.objenesis' artifactId='objenesis' version='2.1' url='http://objenesis.org'><l:description>A library for instantiating Java objects</l:description><l:license name='Apache 2' url='http://www.apache.org/licenses/LICENSE-2.0.txt'/></l:dependency></l:dependencies>